1.0.32.0,1.0.63.255,1156440100,0
1.3.0.0,1.3.255.255,1156440100,0
1.10.16.0,1.10.127.255,1156440100,0
1.184.0.0,1.184.127.255,1156440100,440110559
1.184.128.0,1.184.191.255,1156440100,0
14.16.0.0,14.16.255.255,1156440100,0
14.17.114.0,14.17.119.255,1156440100,0
14.17.128.0,14.17.255.255,1156440100,0
14.18.1.0,14.18.95.255,1156440100,0
14.18.132.0,14.18.135.255,1156440100,0
14.18.144.0,14.18.167.255,1156440100,0
14.18.192.0,14.19.255.255,1156440100,0
14.21.0.0,14.27.255.255,1156440100,0
14.29.0.0,14.31.255.255,1156440100,0
14.116.128.0,14.116.255.255,1156440100,0
14.119.64.0,14.119.127.255,1156440100,0
14.120.192.0,14.121.163.255,1156440100,0
14.121.192.0,14.121.211.255,1156440100,0
14.121.216.0,14.121.227.255,1156440100,0
14.121.232.0,14.121.255.255,1156440100,0
14.122.32.0,14.122.71.255,1156440100,0
14.123.0.0,14.123.31.255,1156440100,0
14.123.64.0,14.123.127.255,1156440100,0
14.124.96.0,14.124.127.255,1156440100,0
14.145.0.0,14.147.255.255,1156440100,0
14.149.70.0,14.149.71.255,1156440100,0
14.149.128.0,14.149.175.255,1156440100,0
14.150.0.0,14.152.255.255,1156440100,0
27.34.232.0,27.34.239.255,1156440100,0
27.39.0.0,27.39.31.255,1156440100,0
27.46.129.0,27.46.129.255,1156440100,0
27.46.131.0,27.46.131.255,1156440100,0
27.46.133.0,27.46.134.255,1156440100,0
27.46.139.0,27.46.140.151,1156440100,0
27.46.140.153,27.46.144.255,1156440100,0
27.46.146.0,27.46.147.255,1156440100,0
27.46.153.0,27.46.155.255,1156440100,0
27.46.158.0,27.46.158.255,1156440100,0
27.46.160.0,27.46.160.255,1156440100,0
27.46.163.0,27.46.163.255,1156440100,0
27.46.165.0,27.46.167.255,1156440100,0
27.46.169.0,27.46.170.255,1156440100,0
27.46.175.0,27.46.175.255,1156440100,0
27.46.179.0,27.46.179.255,1156440100,0
27.46.184.0,27.46.184.255,1156440100,0
27.46.192.0,27.46.194.176,1156440100,0
27.46.194.178,27.46.197.65,1156440100,0
27.46.197.67,27.46.198.99,1156440100,0
27.46.198.101,27.46.205.255,1156440100,0
27.46.216.0,27.46.218.255,1156440100,0
27.46.222.0,27.46.223.46,1156440100,0
27.46.223.48,27.46.223.255,1156440100,0
27.46.225.0,27.46.226.57,1156440100,0
27.46.226.59,27.46.226.255,1156440100,0
27.46.229.0,27.46.229.255,1156440100,0
27.46.233.0,27.46.233.255,1156440100,0
27.46.235.0,27.46.235.255,1156440100,0
27.46.241.0,27.46.241.255,1156440100,0
27.47.0.0,27.47.63.255,1156440100,0
27.47.128.0,27.47.255.255,1156440100,0
27.54.72.0,27.54.79.255,1156440100,0
27.103.0.0,27.103.255.255,1156440100,0
36.0.16.0,36.0.63.255,1156440100,0
36.37.0.0,36.37.31.255,1156440100,0
36.37.40.0,36.37.63.255,1156440100,0
36.193.48.0,36.193.49.255,1156440100,0
39.0.8.0,39.0.255.255,1156440100,0
42.0.8.0,42.0.23.255,1156440100,0
42.0.32.0,42.0.63.255,1156440100,0
42.1.0.0,42.1.55.255,1156440100,0
42.62.128.0,42.62.175.255,1156440100,0
42.83.64.0,42.83.79.255,1156440100,0
42.96.64.0,42.96.103.255,1156440100,0
42.96.112.0,42.96.127.255,1156440100,0
42.99.0.0,42.99.111.255,1156440100,0
42.123.40.0,42.123.127.255,1156440100,0
42.186.0.0,42.187.119.255,1156440100,0
42.194.16.0,42.194.127.255,1156440100,0
42.197.0.0,42.197.23.255,1156440100,0
42.197.32.0,42.197.95.255,1156440100,0
42.197.128.0,42.197.255.255,1156440100,0
42.199.0.0,42.199.63.255,1156440100,0
42.247.1.128,42.247.1.191,1156440100,0
42.247.6.224,42.247.6.255,1156440100,0
58.61.200.0,58.63.255.255,1156440100,0
58.66.200.0,58.66.201.255,1156440100,0
58.66.203.0,58.66.203.255,1156440100,0
58.66.208.0,58.66.208.255,1156440100,0
58.66.210.0,58.66.210.255,1156440100,0
58.66.212.0,58.66.213.255,1156440100,0
58.66.232.0,58.66.239.255,1156440100,0
58.66.252.0,58.66.255.255,1156440100,0
58.67.32.0,58.67.63.255,1156440100,0
58.67.94.0,58.67.111.255,1156440100,0
58.67.128.0,58.67.159.255,1156440100,0
58.67.222.0,58.67.223.255,1156440100,0
58.67.240.0,58.67.254.255,1156440100,0
58.82.96.0,58.82.103.255,1156440100,0
58.83.127.128,58.83.127.191,1156440100,0
58.99.128.0,58.99.255.255,1156440100,0
58.194.8.0,58.194.9.255,1156440100,440111114
58.194.12.0,58.194.23.255,1156440100,0
58.194.24.0,58.194.31.255,1156440100,440111114
58.200.66.0,58.200.66.255,1156440100,0
58.205.192.0,58.205.195.255,1156440100,0
58.206.32.0,58.206.63.255,1156440100,440110561
58.207.128.0,58.207.143.255,1156440100,0
58.248.0.0,58.249.255.255,1156440100,0
58.252.148.0,58.252.149.255,1156440100,0
58.254.92.0,58.254.93.255,1156440100,0
58.254.252.0,58.254.255.255,1156440100,0
59.37.0.0,59.37.7.255,1156440100,0
59.37.52.0,59.37.55.255,1156440100,0
59.37.66.0,59.37.67.255,1156440100,0
59.37.71.0,59.37.73.255,1156440100,0
59.37.80.0,59.37.120.255,1156440100,0
59.37.122.0,59.37.147.255,1156440100,0
59.37.152.0,59.37.152.255,1156440100,0
59.37.156.0,59.37.159.255,1156440100,0
59.37.172.0,59.37.173.255,1156440100,0
59.41.0.0,59.43.18.3,1156440100,0
59.43.18.8,59.43.18.27,1156440100,0
59.43.18.32,59.43.18.155,1156440100,0
59.43.18.160,59.43.18.255,1156440100,0
59.43.19.32,59.43.19.35,1156440100,0
59.43.19.40,59.43.19.43,1156440100,0
59.43.20.0,59.43.21.255,1156440100,0
59.43.22.128,59.43.24.255,1156440100,0
59.43.26.0,59.43.27.23,1156440100,0
59.43.27.64,59.43.28.19,1156440100,0
59.43.28.24,59.43.45.171,1156440100,0
59.43.45.176,59.43.64.95,1156440100,0
59.43.64.100,59.43.65.31,1156440100,0
59.43.65.36,59.43.66.255,1156440100,0
59.43.68.128,59.43.73.103,1156440100,0
59.43.73.108,59.43.73.255,1156440100,0
59.43.74.20,59.43.74.23,1156440100,0
59.43.74.128,59.43.75.31,1156440100,0
59.43.75.40,59.43.75.131,1156440100,0
59.43.75.136,59.43.78.167,1156440100,0
59.43.78.172,59.43.78.191,1156440100,0
59.43.78.196,59.43.80.19,1156440100,0
59.43.80.32,59.43.91.95,1156440100,0
59.43.91.116,59.43.91.119,1156440100,0
59.43.91.124,59.43.92.159,1156440100,0
59.43.92.164,59.43.98.43,1156440100,0
59.43.98.48,59.43.242.123,1156440100,0
59.43.242.128,59.43.247.255,1156440100,0
59.43.248.4,59.43.255.255,1156440100,0
59.107.0.0,59.107.31.255,1156440100,0
59.107.42.0,59.107.43.209,1156440100,0
59.107.43.247,59.107.51.255,1156440100,0
59.107.80.0,59.107.95.255,1156440100,0
59.107.128.0,59.107.255.255,1156440100,0
59.191.80.0,59.191.95.255,1156440100,0
60.204.128.0,60.204.191.255,1156440100,0
61.28.1.0,61.28.1.255,1156440100,0
61.28.4.0,61.28.6.255,1156440100,0
61.28.8.0,61.28.8.255,1156440100,0
61.28.10.0,61.28.12.255,1156440100,0
61.28.16.0,61.28.42.255,1156440100,0
61.28.46.0,61.28.59.255,1156440100,0
61.28.61.0,61.28.63.127,1156440100,0
61.28.64.0,61.28.127.255,1156440100,0
61.29.130.0,61.29.171.255,1156440100,0
61.29.224.0,61.29.239.255,1156440100,0
61.140.0.0,61.140.255.255,1156440100,0
61.143.165.0,61.143.167.255,1156440100,0
61.144.0.0,61.144.159.255,1156440100,0
61.145.52.0,61.145.55.255,1156440100,0
61.145.112.0,61.145.127.255,1156440100,0
61.232.126.0,61.232.127.255,1156440100,0
61.234.98.0,61.234.99.255,1156440100,0
61.234.104.0,61.234.110.255,1156440100,0
61.234.121.0,61.234.121.255,1156440100,0
61.234.169.0,61.234.171.255,1156440100,0
61.234.173.0,61.234.175.255,1156440100,0
61.235.64.0,61.235.67.255,1156440100,0
61.235.69.63,61.235.70.255,1156440100,0
61.235.72.0,61.235.84.255,1156440100,0
61.235.85.128,61.235.87.255,1156440100,0
61.235.92.0,61.235.92.255,1156440100,0
61.235.114.0,61.235.115.255,1156440100,0
61.235.126.0,61.235.131.255,1156440100,0
61.237.0.20,61.237.0.23,1156440100,0
61.237.116.84,61.237.116.87,1156440100,0
61.237.121.120,61.237.121.123,1156440100,0
61.237.122.88,61.237.122.91,1156440100,0
61.237.123.232,61.237.123.235,1156440100,0
61.242.0.0,61.242.3.255,1156440100,0
61.242.52.0,61.242.52.255,1156440100,0
61.242.54.0,61.242.55.255,1156440100,0
101.46.32.0,101.46.63.255,1156440100,0
101.47.64.0,101.47.95.255,1156440100,0
101.47.224.0,101.47.255.255,1156440100,0
101.99.96.0,101.99.127.255,1156440100,0
101.102.64.0,101.102.95.255,1156440100,0
101.104.0.0,101.104.127.255,1156440100,0
101.107.64.0,101.107.127.255,1156440100,0
101.110.64.0,101.110.111.255,1156440100,0
101.203.128.0,101.203.167.255,1156440100,0
101.234.80.0,101.234.127.255,1156440100,0
103.18.192.0,103.18.195.255,1156440100,0
103.22.40.0,103.22.43.255,1156440100,0
103.24.144.0,103.24.147.255,1156440100,0
103.27.24.0,103.27.27.255,1156440100,0
103.226.40.0,103.226.43.255,1156440100,0
103.227.120.0,103.227.123.255,1156440100,0
103.228.160.0,103.228.163.255,1156440100,0
103.248.168.0,103.248.171.255,1156440100,0
103.252.28.0,103.252.31.255,1156440100,0
106.0.64.0,106.0.127.255,1156440100,0
106.108.0.0,106.109.63.255,1156440100,0
106.109.75.99,106.109.75.99,1156440100,0
106.109.101.99,106.109.101.99,1156440100,0
106.109.128.224,106.109.128.224,1156440100,0
106.109.171.29,106.109.171.29,1156440100,0
106.111.104.0,106.111.104.255,1156440100,0
106.111.147.0,106.111.147.255,1156440100,0
106.111.149.0,106.111.149.255,1156440100,0
106.111.151.0,106.111.159.255,1156440100,0
106.111.167.0,106.111.167.255,1156440100,0
106.111.191.0,106.111.191.255,1156440100,0
106.111.215.0,106.111.215.255,1156440100,0
106.111.219.0,106.111.219.255,1156440100,0
106.111.235.0,106.111.235.255,1156440100,0
106.111.237.0,106.111.237.255,1156440100,0
106.111.239.0,106.111.239.255,1156440100,0
106.111.252.0,106.111.255.255,1156440100,0
106.124.128.0,106.124.255.255,1156440100,0
106.126.0.0,106.126.255.255,1156440100,0
106.127.240.0,106.127.255.255,1156440100,0
110.64.0.0,110.64.23.255,1156440100,440112573
110.64.28.0,110.64.29.255,1156440100,0
110.64.30.0,110.64.31.255,1156440100,440113928
110.64.32.0,110.64.47.255,1156440100,440112742
110.64.48.0,110.64.63.255,1156440100,440111114
110.64.64.0,110.64.95.255,1156440100,440110561
110.64.96.0,110.64.127.255,1156440100,440110861
110.64.128.0,110.64.143.255,1156440100,440112322
110.64.144.0,110.64.147.255,1156440100,0
110.64.150.0,110.64.150.255,1156440100,0
110.64.151.0,110.64.151.255,1156440100,440114065
110.64.152.0,110.64.159.255,1156440100,0
110.64.160.0,110.64.175.255,1156440100,440110574
110.64.200.0,110.64.255.255,1156440100,0
110.65.0.0,110.65.63.255,1156440100,440110561
110.65.64.0,110.65.71.255,1156440100,440112322
110.65.72.0,110.65.79.255,1156440100,0
110.65.80.0,110.65.95.255,1156440100,440110574
110.65.96.0,110.65.111.255,1156440100,440110588
110.65.112.0,110.65.127.255,1156440100,440111845
110.65.147.0,110.65.147.255,1156440100,0
110.65.156.0,110.65.239.255,1156440100,0
110.173.64.0,110.173.95.255,1156440100,0
110.208.0.0,110.208.11.255,1156440100,0
110.208.96.0,110.208.119.255,1156440100,0
110.208.128.0,110.208.135.255,1156440100,0
110.208.164.0,110.208.167.255,1156440100,0
110.208.174.0,110.208.174.255,1156440100,0
110.208.176.0,110.208.183.255,1156440100,0
110.209.136.0,110.209.139.255,1156440100,0
110.209.144.0,110.209.151.255,1156440100,0
110.209.156.0,110.209.175.255,1156440100,0
110.209.184.0,110.209.215.255,1156440100,0
110.209.252.0,110.210.31.255,1156440100,0
110.210.160.0,110.210.183.255,1156440100,0
110.210.232.0,110.210.239.255,1156440100,0
110.211.224.0,110.211.239.255,1156440100,0
110.211.252.0,110.211.255.255,1156440100,0
111.148.0.0,111.148.7.255,1156440100,0
111.148.16.0,111.148.23.255,1156440100,0
111.148.36.0,111.148.39.255,1156440100,0
111.148.56.0,111.148.59.255,1156440100,0
111.151.38.0,111.151.39.255,1156440100,0
111.151.48.0,111.151.63.255,1156440100,0
111.151.73.0,111.151.75.255,1156440100,0
111.151.80.0,111.151.87.255,1156440100,0
111.151.112.0,111.151.119.255,1156440100,0
111.151.124.0,111.151.128.255,1156440100,0
111.151.130.0,111.151.255.255,1156440100,0
112.73.0.0,112.75.255.255,1156440100,0
112.88.0.0,112.89.255.255,1156440100,0
112.94.0.0,112.94.255.255,1156440100,0
112.96.0.0,112.96.255.255,1156440100,0
113.64.0.0,113.68.255.255,1156440100,0
113.96.0.0,113.96.255.255,1156440100,0
113.98.64.0,113.98.127.255,1156440100,0
113.99.0.0,113.99.63.255,1156440100,0
113.100.128.0,113.100.143.255,1156440100,0
113.101.96.0,113.101.99.255,1156440100,0
113.101.116.0,113.101.127.255,1156440100,0
113.103.0.0,113.103.95.255,1156440100,0
113.104.64.0,113.104.127.255,1156440100,0
113.105.0.0,113.105.63.255,1156440100,0
113.107.0.0,113.107.31.255,1156440100,0
113.107.233.0,113.107.233.255,1156440100,0
113.108.128.0,113.108.240.255,1156440100,0
113.108.242.0,113.108.242.255,1156440100,0
113.108.244.0,113.108.245.255,1156440100,0
113.108.247.0,113.108.247.255,1156440100,0
113.108.249.0,113.108.249.255,1156440100,0
113.108.251.0,113.108.251.255,1156440100,0
113.108.255.0,113.108.255.150,1156440100,0
113.108.255.152,113.108.255.194,1156440100,0
113.108.255.196,113.109.255.255,1156440100,0
113.111.0.0,113.112.255.255,1156440100,0
113.114.0.0,113.115.255.255,1156440100,0
113.119.0.0,113.119.255.255,1156440100,0
114.79.64.0,114.79.127.255,1156440100,0
114.114.80.0,114.114.83.255,1156440100,0
115.168.82.0,115.168.82.255,1156440100,0
115.172.0.0,115.172.31.255,1156440100,0
115.172.96.0,115.172.127.255,1156440100,0
115.175.128.0,115.175.255.255,1156440100,0
116.6.1.0,116.6.1.255,1156440100,0
116.6.3.0,116.6.7.255,1156440100,0
116.6.9.0,116.6.11.255,1156440100,0
116.6.24.0,116.6.26.255,1156440100,0
116.6.30.0,116.6.35.255,1156440100,0
116.6.41.0,116.6.41.255,1156440100,0
116.6.48.0,116.6.49.255,1156440100,0
116.6.56.0,116.6.63.255,1156440100,0
116.6.68.0,116.6.75.255,1156440100,0
116.6.112.0,116.6.113.255,1156440100,0
116.6.128.0,116.6.128.255,1156440100,0
116.6.196.0,116.6.207.255,1156440100,0
116.6.216.0,116.6.223.255,1156440100,0
116.6.240.0,116.6.247.255,1156440100,0
116.7.160.0,116.7.191.255,1156440100,0
116.7.224.0,116.7.239.255,1156440100,0
116.7.250.0,116.7.255.255,1156440100,0
116.13.228.0,116.13.231.255,1156440100,0
116.13.240.0,116.13.255.255,1156440100,0
116.21.0.0,116.23.255.255,1156440100,0
116.31.0.0,116.31.127.255,1156440100,0
116.56.64.0,116.56.95.255,1156440100,0
116.56.96.0,116.56.127.255,1156440100,440110587
116.56.128.0,116.56.159.255,1156440100,440110561
116.56.160.0,116.56.165.255,1156440100,0
116.56.166.0,116.56.167.255,1156440100,440151393
116.56.168.0,116.56.175.255,1156440100,0
116.56.176.0,116.56.177.255,1156440100,440112741
116.56.178.0,116.56.183.255,1156440100,0
116.56.184.0,116.56.191.255,1156440100,440112578
116.56.210.0,116.56.223.255,1156440100,0
116.56.224.0,116.56.255.255,1156440100,440111845
116.57.0.0,116.57.15.255,1156440100,440112617
116.57.16.0,116.57.23.255,1156440100,440110572
116.57.24.0,116.57.47.255,1156440100,0
116.57.48.0,116.57.63.255,1156440100,440110574
116.57.64.0,116.57.127.255,1156440100,440110561
116.57.128.0,116.57.159.255,1156440100,440111540
116.57.160.0,116.57.175.255,1156440100,0
116.60.0.0,116.60.23.255,1156440100,0
116.60.28.0,116.60.31.255,1156440100,0
116.60.127.0,116.60.127.255,1156440100,0
116.60.152.0,116.60.155.255,1156440100,0
116.60.240.0,116.60.247.255,1156440100,0
116.194.0.0,116.194.23.255,1156440100,0
116.194.88.25,116.194.88.40,1156440100,0
116.194.88.60,116.194.88.66,1156440100,0
116.194.88.86,116.194.88.87,1156440100,0
116.194.88.125,116.194.88.144,1156440100,0
116.194.88.191,116.194.88.241,1156440100,0
116.194.89.128,116.194.93.104,1156440100,0
116.194.94.53,116.194.94.233,1156440100,0
116.194.94.255,116.194.95.209,1156440100,0
116.194.96.161,116.194.96.180,1156440100,0
116.194.98.21,116.194.98.235,1156440100,0
116.194.99.253,116.194.101.147,1156440100,0
116.194.101.233,116.194.102.4,1156440100,0
116.194.102.82,116.194.104.103,1156440100,0
116.194.104.143,116.194.105.205,1156440100,0
116.194.105.236,116.194.106.248,1156440100,0
116.194.107.72,116.194.108.123,1156440100,0
116.194.109.166,116.194.112.23,1156440100,0
116.194.112.224,116.194.114.173,1156440100,0
116.194.115.0,116.194.115.202,1156440100,0
116.194.115.233,116.194.116.69,1156440100,0
116.194.116.223,116.194.117.50,1156440100,0
116.194.118.54,116.194.118.159,1156440100,0
116.194.127.0,116.194.127.255,1156440100,0
116.194.248.0,116.194.251.255,1156440100,0
116.196.0.0,116.196.255.255,1156440100,0
116.198.64.0,116.198.127.255,1156440100,0
116.198.160.0,116.198.175.255,1156440100,0
116.199.0.0,116.199.127.255,1156440100,0
116.205.190.0,116.205.191.255,1156440100,0
116.215.152.0,116.215.157.255,1156440100,0
116.254.192.0,116.254.255.255,1156440100,0
117.48.192.0,117.48.255.255,1156440100,0
117.74.80.0,117.74.95.255,1156440100,0
117.79.253.0,117.79.253.255,1156440100,0
117.104.168.0,117.104.175.255,1156440100,0
117.126.31.0,117.126.31.255,1156440100,0
117.136.12.0,117.136.12.255,1156440100,0
117.136.31.0,117.136.34.255,1156440100,0
117.136.39.0,117.136.40.255,1156440100,0
118.24.195.0,118.24.207.255,1156440100,0
118.84.189.232,118.84.189.247,1156440100,0
118.127.128.0,118.127.159.255,1156440100,0
118.178.0.0,118.178.255.255,1156440100,0
118.185.128.0,118.185.255.255,1156440100,0
118.195.128.0,118.195.135.255,1156440100,0
118.195.192.0,118.195.207.255,1156440100,0
118.196.0.0,118.197.255.255,1156440100,0
118.245.128.0,118.245.143.255,1156440100,0
118.245.176.0,118.245.177.255,1156440100,0
118.245.181.0,118.245.182.255,1156440100,0
118.245.184.0,118.245.186.255,1156440100,0
119.16.0.0,119.16.255.255,1156440100,0
119.18.240.0,119.18.255.255,1156440100,0
119.19.144.0,119.19.171.255,1156440100,0
119.27.128.0,119.27.159.255,1156440100,0
119.32.0.0,119.35.255.255,1156440100,0
119.42.128.0,119.42.135.255,1156440100,0
119.78.0.0,119.78.7.255,1156440100,0
119.82.208.0,119.82.223.255,1156440100,0
119.129.0.0,119.131.255.255,1156440100,0
119.143.0.0,119.143.255.255,1156440100,0
119.145.58.0,119.145.58.255,1156440100,0
119.145.60.0,119.145.60.255,1156440100,0
119.145.64.0,119.145.95.255,1156440100,0
119.146.14.0,119.146.23.255,1156440100,0
119.146.26.0,119.146.27.255,1156440100,0
119.146.33.0,119.146.33.255,1156440100,0
119.146.39.0,119.146.41.255,1156440100,0
119.146.55.0,119.146.56.255,1156440100,0
119.146.58.0,119.146.63.255,1156440100,0
119.146.99.0,119.146.99.255,1156440100,0
119.146.125.0,119.146.127.255,1156440100,0
119.146.168.0,119.146.171.255,1156440100,0
119.146.175.0,119.146.183.255,1156440100,0
119.147.160.0,119.147.191.255,1156440100,0
119.147.226.0,119.147.226.255,1156440100,0
119.148.176.0,119.148.191.255,1156440100,0
119.151.192.0,119.151.255.255,1156440100,0
119.252.96.0,119.252.103.255,1156440100,0
120.30.0.0,120.30.145.255,1156440100,0
120.30.147.0,120.30.255.255,1156440100,0
120.31.80.0,120.31.80.255,1156440100,0
120.31.87.0,120.31.87.255,1156440100,0
120.31.119.7,120.31.119.61,1156440100,0
120.80.6.0,120.80.6.255,1156440100,0
120.80.48.0,120.80.49.255,1156440100,0
120.80.128.33,120.80.128.33,1156440100,0
120.80.128.42,120.80.128.42,1156440100,0
120.80.128.54,120.80.128.54,1156440100,0
120.80.128.57,120.80.128.57,1156440100,0
120.80.172.0,120.80.175.255,1156440100,0
120.82.0.0,120.82.0.255,1156440100,0
120.82.7.0,120.82.7.255,1156440100,0
120.82.9.0,120.82.9.255,1156440100,0
120.84.0.0,120.84.111.255,1156440100,0
120.84.114.0,120.84.115.255,1156440100,0
120.84.117.0,120.84.117.255,1156440100,0
120.84.119.0,120.84.127.255,1156440100,0
120.84.255.0,120.85.255.255,1156440100,0
120.87.0.0,120.87.31.255,1156440100,0
120.88.8.0,120.88.15.255,1156440100,0
120.137.64.0,120.137.127.255,1156440100,0
120.196.0.0,120.196.3.255,1156440100,0
120.196.48.0,120.196.90.255,1156440100,0
120.196.100.0,120.196.103.255,1156440100,0
120.196.122.0,120.196.124.255,1156440100,0
120.196.255.0,120.197.67.255,1156440100,0
120.197.75.0,120.197.102.255,1156440100,0
120.197.224.0,120.197.242.255,1156440100,0
120.198.204.0,120.198.207.255,1156440100,0
120.198.212.82,120.198.212.111,1156440100,0
120.198.217.0,120.198.219.255,1156440100,0
120.198.222.0,120.198.222.255,1156440100,0
120.198.234.212,120.198.234.240,1156440100,0
120.198.250.0,120.198.250.255,1156440100,0
120.235.160.0,120.235.183.255,1156440100,0
120.236.136.0,120.236.143.255,1156440100,0
120.238.0.0,120.238.39.255,1156440100,0
120.238.196.0,120.238.215.255,1156440100,0
121.0.8.0,121.0.15.255,1156440100,0
121.8.0.0,121.8.255.255,1156440100,0
121.10.34.0,121.10.39.255,1156440100,0
121.10.180.0,121.10.181.255,1156440100,0
121.10.188.0,121.10.189.255,1156440100,0
121.14.0.0,121.14.71.255,1156440100,0
121.14.160.0,121.14.207.255,1156440100,0
121.14.250.0,121.14.250.255,1156440100,0
121.14.251.16,121.14.251.16,1156440100,0
121.14.251.20,121.14.251.30,1156440100,0
121.32.0.0,121.33.255.255,1156440100,0
121.36.24.0,121.36.31.255,1156440100,0
121.36.192.0,121.36.195.255,1156440100,0
121.37.44.0,121.37.44.255,1156440100,0
121.37.125.0,121.37.127.255,1156440100,0
121.40.0.0,121.40.15.255,1156440100,0
121.51.16.0,121.51.23.255,1156440100,0
121.51.40.0,121.51.47.255,1156440100,0
121.58.160.0,121.58.167.255,1156440100,0
121.68.0.0,121.68.255.255,1156440100,0
121.101.0.0,121.101.63.255,1156440100,0
121.201.94.0,121.201.95.255,1156440100,0
121.201.128.0,121.201.135.255,1156440100,0
121.201.192.0,121.201.223.255,1156440100,0
121.201.244.0,121.201.245.255,1156440100,0
121.201.252.0,121.201.255.255,1156440100,0
122.0.144.0,122.0.159.255,1156440100,0
122.8.83.0,122.8.83.255,1156440100,0
122.9.248.0,122.9.255.255,1156440100,0
122.13.0.0,122.13.30.255,1156440100,0
122.13.133.0,122.13.143.255,1156440100,0
122.48.108.0,122.48.109.255,1156440100,0
122.48.111.0,122.48.111.255,1156440100,0
122.51.0.0,122.51.18.255,1156440100,0
122.51.20.0,122.51.63.255,1156440100,0
122.152.192.0,122.152.255.255,1156440100,0
122.248.24.0,122.248.31.255,1156440100,0
123.49.160.0,123.49.175.255,1156440100,0
123.49.184.0,123.49.187.255,1156440100,0
123.49.190.0,123.49.191.255,1156440100,0
123.49.200.0,123.49.223.255,1156440100,0
123.49.244.0,123.49.247.255,1156440100,0
123.50.160.0,123.50.191.255,1156440100,0
123.57.192.0,123.58.130.255,1156440100,0
123.58.149.0,123.58.159.255,1156440100,0
123.59.0.0,123.59.3.255,1156440100,0
123.59.8.0,123.59.15.255,1156440100,0
123.59.40.0,123.59.47.255,1156440100,0
123.59.64.0,123.59.64.2,1156440100,0
123.59.65.0,123.59.95.255,1156440100,0
123.59.128.0,123.59.255.255,1156440100,0
123.61.64.0,123.61.127.255,1156440100,0
123.61.192.0,123.61.223.255,1156440100,0
123.61.240.0,123.61.255.255,1156440100,0
123.62.84.0,123.62.87.255,1156440100,0
123.62.96.0,123.62.169.255,1156440100,0
123.62.172.0,123.62.254.255,1156440100,0
123.64.0.0,123.64.31.255,1156440100,0
123.64.112.0,123.64.127.255,1156440100,0
123.65.0.0,123.65.31.255,1156440100,0
123.65.128.0,123.65.143.255,1156440100,0
123.66.0.0,123.66.3.255,1156440100,0
123.66.28.0,123.66.31.255,1156440100,0
123.88.192.0,123.88.255.255,1156440100,0
123.89.176.0,123.89.191.255,1156440100,0
123.196.72.0,123.196.72.255,1156440100,0
123.197.128.0,123.197.255.255,1156440100,0
123.249.128.0,123.249.191.255,1156440100,0
123.253.0.0,123.253.31.255,1156440100,0
124.15.64.0,124.15.127.255,1156440100,0
124.15.184.0,124.15.185.255,1156440100,0
124.15.187.0,124.15.191.255,1156440100,0
124.16.0.0,124.16.31.255,1156440100,0
124.20.128.0,124.20.175.255,1156440100,0
124.21.64.0,124.21.107.255,1156440100,0
124.29.0.0,124.29.127.255,1156440100,0
124.40.128.0,124.40.223.255,1156440100,0
124.109.96.0,124.109.103.255,1156440100,0
124.172.94.0,124.172.94.255,1156440100,0
124.172.97.0,124.172.98.255,1156440100,0
124.172.106.0,124.172.107.255,1156440100,0
124.172.112.0,124.172.116.255,1156440100,0
124.172.160.0,124.172.171.255,1156440100,0
124.172.173.0,124.172.176.255,1156440100,0
124.172.178.0,124.172.178.255,1156440100,0
124.172.220.0,124.172.223.255,1156440100,0
124.172.224.150,124.172.224.150,1156440100,0
124.172.227.0,124.172.227.255,1156440100,0
124.172.232.0,124.173.159.255,1156440100,0
124.173.180.0,124.175.255.255,1156440100,0
124.248.82.0,124.248.95.255,1156440100,0
124.248.104.0,124.248.111.255,1156440100,0
124.248.114.0,124.248.117.255,1156440100,0
124.248.119.0,124.248.119.255,1156440100,0
125.31.192.0,125.31.255.255,1156440100,0
125.88.0.0,125.88.1.255,1156440100,0
125.88.6.0,125.88.9.255,1156440100,0
125.88.20.0,125.88.25.255,1156440100,0
125.88.32.0,125.88.35.255,1156440100,0
125.88.56.0,125.88.67.255,1156440100,0
125.88.73.0,125.88.143.255,1156440100,0
125.88.148.0,125.88.191.255,1156440100,0
125.88.208.0,125.88.255.255,1156440100,0
125.94.32.0,125.94.79.255,1156440100,0
125.94.192.0,125.94.215.255,1156440100,0
125.169.0.0,125.169.255.255,1156440100,0
125.171.112.0,125.171.127.255,1156440100,0
125.171.130.0,125.171.132.255,1156440100,0
125.171.134.0,125.171.134.255,1156440100,0
125.171.138.0,125.171.143.255,1156440100,0
125.171.163.0,125.171.163.255,1156440100,0
125.171.196.0,125.171.239.255,1156440100,0
125.171.244.0,125.171.251.255,1156440100,0
125.171.253.0,125.171.255.255,1156440100,0
125.216.0.0,125.216.3.255,1156440100,440111114
125.216.4.0,125.216.7.255,1156440100,0
125.216.16.0,125.216.33.255,1156440100,0
125.216.34.0,125.216.35.255,1156440100,440160003
125.216.36.0,125.216.47.255,1156440100,0
125.216.50.0,125.216.60.255,1156440100,0
125.216.62.0,125.216.63.255,1156440100,0
125.216.64.0,125.216.79.255,1156440100,440112620
125.216.80.0,125.216.95.255,1156440100,440113707
125.216.96.0,125.216.99.255,1156440100,0
125.216.100.0,125.216.103.255,1156440100,440112621
125.216.105.0,125.216.105.255,1156440100,440112749
125.216.106.0,125.216.107.255,1156440100,440113657
125.216.108.0,125.216.111.255,1156440100,0
125.216.112.0,125.216.127.255,1156440100,440113943
125.216.128.0,125.216.143.255,1156440100,0
125.216.144.0,125.216.159.255,1156440100,440112617
125.216.160.0,125.216.165.255,1156440100,0
125.216.166.0,125.216.167.255,1156440100,440170002
125.216.168.0,125.216.169.255,1156440100,0
125.216.170.0,125.216.171.255,1156440100,440160002
125.216.172.0,125.216.191.255,1156440100,0
125.216.192.0,125.216.207.255,1156440100,440114063
125.216.208.0,125.216.223.255,1156440100,440110574
125.216.224.0,125.216.255.255,1156440100,440110561
125.217.8.0,125.217.31.255,1156440100,0
125.217.116.0,125.217.147.255,1156440100,0
125.217.152.0,125.217.159.255,1156440100,0
125.217.160.0,125.217.191.255,1156440100,440110558
125.217.192.0,125.217.223.255,1156440100,440112962
125.217.224.0,125.217.255.255,1156440100,440110561
125.218.71.0,125.218.71.255,1156440100,0
125.218.128.0,125.218.159.255,1156440100,0
125.218.160.0,125.218.175.255,1156440100,440110577
125.218.176.0,125.218.191.255,1156440100,0
125.218.192.0,125.218.223.255,1156440100,440110559
125.218.224.0,125.218.239.255,1156440100,440110592
125.218.240.0,125.218.255.255,1156440100,0
140.210.0.0,140.210.255.255,1156440100,0
152.104.176.0,152.104.179.255,1156440100,0
152.104.248.0,152.104.251.255,1156440100,0
157.18.0.0,157.18.255.255,1156440100,0
157.61.0.0,157.61.127.255,1156440100,0
157.61.130.0,157.61.151.255,1156440100,0
157.61.162.0,157.61.167.255,1156440100,0
157.61.169.0,157.61.183.255,1156440100,0
157.61.186.0,157.61.207.255,1156440100,0
157.61.214.0,157.61.247.255,1156440100,0
157.61.250.0,157.61.255.255,1156440100,0
157.122.0.0,157.122.111.255,1156440100,0
157.122.124.0,157.122.127.255,1156440100,0
157.122.134.0,157.122.143.255,1156440100,0
157.122.148.0,157.122.175.255,1156440100,0
157.122.180.0,157.122.191.255,1156440100,0
157.122.196.0,157.122.203.255,1156440100,0
157.122.205.0,157.122.255.255,1156440100,0
157.148.0.0,157.148.255.255,1156440100,0
157.156.0.0,157.156.255.255,1156440100,0
157.255.0.0,157.255.255.255,1156440100,0
159.226.144.0,159.226.147.255,1156440100,0
163.0.0.0,163.0.255.255,1156440100,0
163.177.0.0,163.177.23.255,1156440100,0
163.177.32.0,163.177.63.255,1156440100,0
163.177.100.0,163.177.111.255,1156440100,0
163.177.136.0,163.177.151.255,1156440100,0
163.177.164.0,163.177.175.255,1156440100,0
163.177.184.0,163.177.199.255,1156440100,0
163.177.204.0,163.177.219.255,1156440100,0
163.177.244.0,163.177.255.255,1156440100,0
163.179.64.0,163.179.159.255,1156440100,0
163.179.172.0,163.179.191.255,1156440100,0
163.204.200.0,163.204.207.255,1156440100,0
175.191.0.0,175.191.63.255,1156440100,0
175.191.128.0,175.191.191.255,1156440100,0
180.88.0.0,180.88.63.255,1156440100,0
180.91.160.0,180.91.191.255,1156440100,0
180.148.16.0,180.148.23.255,1156440100,0
180.148.152.0,180.148.159.255,1156440100,0
182.23.200.0,182.23.207.255,1156440100,0
183.0.0.0,183.6.255.255,1156440100,0
183.24.0.0,183.24.143.255,1156440100,0
183.36.64.0,183.36.127.255,1156440100,0
183.36.176.0,183.36.255.255,1156440100,0
183.40.0.0,183.42.239.255,1156440100,0
183.43.0.0,183.43.255.255,1156440100,0
183.47.0.0,183.47.63.255,1156440100,0
183.47.128.0,183.48.127.255,1156440100,0
183.48.208.0,183.48.255.255,1156440100,0
183.50.48.0,183.50.63.255,1156440100,0
183.52.64.0,183.52.99.255,1156440100,0
183.52.160.0,183.52.179.255,1156440100,0
183.52.184.0,183.52.231.255,1156440100,0
183.52.248.0,183.52.255.255,1156440100,0
183.53.40.0,183.53.63.255,1156440100,0
183.53.240.0,183.53.255.255,1156440100,0
183.54.192.0,183.54.255.255,1156440100,0
183.56.0.0,183.56.39.255,1156440100,0
183.56.144.0,183.56.146.255,1156440100,0
183.57.20.0,183.57.23.255,1156440100,0
183.57.29.0,183.57.32.255,1156440100,0
183.57.35.0,183.57.35.255,1156440100,0
183.57.48.0,183.57.56.255,1156440100,0
183.57.59.0,183.57.59.255,1156440100,0
183.57.61.0,183.57.64.255,1156440100,0
183.57.66.0,183.57.83.255,1156440100,0
183.59.8.0,183.59.9.255,1156440100,0
183.59.152.0,183.59.159.255,1156440100,0
183.60.112.0,183.60.127.255,1156440100,0
183.60.176.0,183.60.191.255,1156440100,0
183.60.240.0,183.60.255.255,1156440100,0
183.61.28.0,183.61.31.255,1156440100,0
183.61.48.0,183.61.63.255,1156440100,0
183.61.71.0,183.61.71.91,1156440100,0
183.61.71.108,183.61.71.132,1156440100,0
183.61.71.160,183.61.71.200,1156440100,0
183.61.71.224,183.61.71.255,1156440100,0
183.61.76.0,183.61.79.255,1156440100,0
183.61.96.0,183.61.127.255,1156440100,0
183.61.145.0,183.61.145.255,1156440100,0
183.61.152.0,183.61.159.255,1156440100,0
183.61.190.0,183.61.210.255,1156440100,0
183.61.212.0,183.61.223.255,1156440100,0
183.61.241.0,183.61.241.95,1156440100,0
183.61.241.104,183.61.242.255,1156440100,0
183.61.244.64,183.61.244.127,1156440100,0
183.61.244.160,183.61.244.191,1156440100,0
183.62.0.0,183.62.63.255,1156440100,0
183.63.40.0,183.63.43.255,1156440100,0
183.63.64.0,183.63.191.255,1156440100,0
183.63.248.0,183.63.255.255,1156440100,0
183.91.144.0,183.91.159.255,1156440100,0
183.232.0.0,183.232.79.255,1156440100,0
183.232.104.0,183.232.129.255,1156440100,0
183.232.132.0,183.232.132.255,1156440100,0
183.233.33.0,183.233.34.255,1156440100,0
183.233.36.0,183.233.61.255,1156440100,0
183.233.64.0,183.233.70.255,1156440100,0
183.233.72.0,183.233.72.255,1156440100,0
183.233.74.0,183.233.74.255,1156440100,0
183.233.77.0,183.233.131.255,1156440100,0
183.233.136.0,183.233.139.255,1156440100,0
183.233.170.0,183.233.171.255,1156440100,0
183.233.181.0,183.233.191.255,1156440100,0
183.234.9.0,183.234.11.255,1156440100,0
183.234.24.0,183.234.27.255,1156440100,0
183.234.32.0,183.234.35.255,1156440100,0
183.234.52.0,183.234.63.255,1156440100,0
183.235.120.0,183.235.127.255,1156440100,0
183.235.248.0,183.235.255.255,1156440100,0
183.236.48.0,183.236.51.255,1156440100,0
183.236.120.0,183.236.127.255,1156440100,0
183.236.248.0,183.237.11.255,1156440100,0
183.237.14.0,183.237.27.255,1156440100,0
183.237.44.0,183.237.45.255,1156440100,0
183.237.50.0,183.237.79.255,1156440100,0
183.237.81.0,183.237.107.255,1156440100,0
183.237.110.0,183.237.119.255,1156440100,0
183.237.124.0,183.237.151.255,1156440100,0
183.237.156.0,183.237.167.255,1156440100,0
183.237.169.0,183.237.171.255,1156440100,0
183.237.174.0,183.237.191.255,1156440100,0
183.237.201.0,183.237.204.255,1156440100,0
183.237.207.0,183.237.207.255,1156440100,0
183.237.209.0,183.237.239.255,1156440100,0
183.237.246.0,183.237.247.255,1156440100,0
183.237.249.0,183.237.255.255,1156440100,0
183.238.48.0,183.238.59.255,1156440100,0
183.239.0.0,183.239.31.255,1156440100,0
183.239.168.0,183.239.207.255,1156440100,0
183.240.48.0,183.240.51.255,1156440100,0
183.240.144.0,183.240.147.255,1156440100,0
183.240.152.0,183.240.159.255,1156440100,0
202.6.176.0,202.6.191.255,1156440100,0
202.8.192.0,202.8.207.255,1156440100,0
202.38.48.0,202.38.63.255,1156440100,0
202.38.171.0,202.38.171.255,1156440100,0
202.38.192.0,202.38.255.255,1156440100,440110561
202.44.16.0,202.44.31.255,1156440100,0
202.45.16.0,202.45.31.255,1156440100,0
202.57.240.0,202.57.255.255,1156440100,0
202.60.136.0,202.60.159.255,1156440100,0
202.63.88.0,202.63.95.255,1156440100,0
202.70.96.0,202.70.111.255,1156440100,0
202.74.8.0,202.74.15.255,1156440100,0
202.80.200.0,202.80.207.255,1156440100,0
202.91.96.0,202.91.111.255,1156440100,0
202.92.8.0,202.92.15.255,1156440100,0
202.92.48.0,202.92.63.255,1156440100,0
202.96.128.0,202.96.131.255,1156440100,0
202.96.146.0,202.96.153.255,1156440100,0
202.96.156.0,202.96.159.255,1156440100,0
202.96.166.0,202.96.169.255,1156440100,0
202.96.183.0,202.96.185.255,1156440100,0
202.96.190.0,202.96.191.255,1156440100,0
202.97.25.0,202.97.25.48,1156440100,0
202.97.25.50,202.97.25.56,1156440100,0
202.97.25.58,202.97.25.60,1156440100,0
202.97.25.62,202.97.25.84,1156440100,0
202.97.25.86,202.97.25.88,1156440100,0
202.97.25.90,202.97.25.96,1156440100,0
202.97.25.98,202.97.25.100,1156440100,0
202.97.25.102,202.97.25.108,1156440100,0
202.97.25.110,202.97.25.112,1156440100,0
202.97.25.114,202.97.25.120,1156440100,0
202.97.25.122,202.97.25.124,1156440100,0
202.97.25.126,202.97.25.128,1156440100,0
202.97.25.130,202.97.25.132,1156440100,0
202.97.25.134,202.97.25.136,1156440100,0
202.97.25.138,202.97.25.140,1156440100,0
202.97.25.142,202.97.25.152,1156440100,0
202.97.25.154,202.97.25.156,1156440100,0
202.97.25.158,202.97.25.160,1156440100,0
202.97.25.162,202.97.25.164,1156440100,0
202.97.25.166,202.97.25.168,1156440100,0
202.97.25.170,202.97.25.172,1156440100,0
202.97.25.174,202.97.25.180,1156440100,0
202.97.25.182,202.97.25.184,1156440100,0
202.97.25.186,202.97.25.188,1156440100,0
202.97.25.190,202.97.25.192,1156440100,0
202.97.25.194,202.97.25.196,1156440100,0
202.97.25.198,202.97.25.204,1156440100,0
202.97.25.206,202.97.25.212,1156440100,0
202.97.25.214,202.97.25.216,1156440100,0
202.97.25.218,202.97.25.220,1156440100,0
202.97.25.222,202.97.25.224,1156440100,0
202.97.25.226,202.97.25.252,1156440100,0
202.97.25.254,202.97.26.4,1156440100,0
202.97.26.6,202.97.26.8,1156440100,0
202.97.26.10,202.97.26.24,1156440100,0
202.97.26.26,202.97.26.28,1156440100,0
202.97.26.30,202.97.26.44,1156440100,0
202.97.26.46,202.97.26.48,1156440100,0
202.97.26.50,202.97.26.64,1156440100,0
202.97.26.66,202.97.26.68,1156440100,0
202.97.26.70,202.97.26.76,1156440100,0
202.97.26.78,202.97.26.80,1156440100,0
202.97.26.82,202.97.26.88,1156440100,0
202.97.26.90,202.97.26.92,1156440100,0
202.97.26.94,202.97.26.96,1156440100,0
202.97.26.98,202.97.26.116,1156440100,0
202.97.26.118,202.97.26.144,1156440100,0
202.97.26.146,202.97.26.160,1156440100,0
202.97.26.162,202.97.26.164,1156440100,0
202.97.26.166,202.97.26.228,1156440100,0
202.97.26.230,202.97.26.232,1156440100,0
202.97.26.234,202.97.26.236,1156440100,0
202.97.26.238,202.97.26.240,1156440100,0
202.97.26.242,202.97.26.244,1156440100,0
202.97.26.246,202.97.26.248,1156440100,0
202.97.26.250,202.97.26.255,1156440100,0
202.97.34.164,202.97.34.167,1156440100,0
202.97.35.224,202.97.35.231,1156440100,0
202.97.37.20,202.97.37.31,1156440100,0
202.97.40.8,202.97.40.27,1156440100,0
202.97.40.52,202.97.40.55,1156440100,0
202.97.40.92,202.97.40.99,1156440100,0
202.97.40.110,202.97.40.110,1156440100,0
202.97.40.114,202.97.40.114,1156440100,0
202.97.40.138,202.97.40.138,1156440100,0
202.97.40.142,202.97.40.142,1156440100,0
202.97.40.146,202.97.40.146,1156440100,0
202.97.40.154,202.97.40.154,1156440100,0
202.97.40.158,202.97.40.158,1156440100,0
202.97.40.168,202.97.40.171,1156440100,0
202.97.40.174,202.97.40.174,1156440100,0
202.97.40.176,202.97.40.179,1156440100,0
202.97.40.196,202.97.40.231,1156440100,0
202.97.41.64,202.97.41.67,1156440100,0
202.97.41.144,202.97.41.147,1156440100,0
202.97.43.146,202.97.43.146,1156440100,0
202.97.43.148,202.97.43.151,1156440100,0
202.97.43.170,202.97.43.170,1156440100,0
202.97.43.198,202.97.43.198,1156440100,0
202.97.43.201,202.97.43.202,1156440100,0
202.97.44.94,202.97.44.94,1156440100,0
202.97.45.0,202.97.45.7,1156440100,0
202.97.45.12,202.97.45.71,1156440100,0
202.97.45.80,202.97.46.19,1156440100,0
202.97.46.24,202.97.46.31,1156440100,0
202.97.46.36,202.97.46.147,1156440100,0
202.97.46.156,202.97.46.163,1156440100,0
202.97.46.172,202.97.46.179,1156440100,0
202.97.46.184,202.97.46.215,1156440100,0
202.97.46.220,202.97.46.231,1156440100,0
202.97.46.236,202.97.46.243,1156440100,0
202.97.46.248,202.97.47.63,1156440100,0
202.97.47.68,202.97.47.103,1156440100,0
202.97.47.108,202.97.47.111,1156440100,0
202.97.47.116,202.97.47.123,1156440100,0
202.97.47.132,202.97.47.139,1156440100,0
202.97.47.144,202.97.47.239,1156440100,0
202.97.47.248,202.97.47.255,1156440100,0
202.97.49.152,202.97.49.155,1156440100,0
202.97.61.48,202.97.61.63,1156440100,0
202.97.61.136,202.97.61.139,1156440100,0
202.97.62.0,202.97.62.159,1156440100,0
202.97.64.25,202.97.64.25,1156440100,0
202.97.66.180,202.97.66.187,1156440100,0
202.97.71.12,202.97.71.15,1156440100,0
202.97.77.0,202.97.77.255,1156440100,0
202.97.95.60,202.97.95.225,1156440100,0
202.103.128.0,202.103.132.255,1156440100,0
202.103.134.0,202.103.143.255,1156440100,0
202.104.7.0,202.104.7.255,1156440100,0
202.104.32.0,202.104.95.255,1156440100,0
202.105.0.0,202.105.7.255,1156440100,0
202.105.32.0,202.105.95.255,1156440100,0
202.105.252.0,202.105.255.255,1156440100,0
202.112.17.0,202.112.19.255,1156440100,0
202.112.48.0,202.112.53.72,1156440100,0
202.112.53.75,202.112.53.77,1156440100,0
202.112.53.79,202.112.53.95,1156440100,0
202.112.53.128,202.112.53.131,1156440100,0
202.112.53.140,202.112.55.255,1156440100,0
202.116.0.0,202.116.31.255,1156440100,440110559
202.116.32.0,202.116.47.255,1156440100,440110574
202.116.48.0,202.116.63.255,1156440100,440110592
202.116.64.0,202.116.111.255,1156440100,440110558
202.116.112.0,202.116.127.255,1156440100,0
202.116.128.0,202.116.159.255,1156440100,440111845
202.116.160.0,202.116.191.255,1156440100,440110564
202.116.192.0,202.116.207.255,1156440100,440110040
202.116.208.0,202.116.223.255,1156440100,440111846
202.116.224.0,202.116.247.255,1156440100,0
202.131.208.0,202.131.221.255,1156440100,0
202.131.223.0,202.131.223.255,1156440100,0
202.149.32.0,202.149.63.255,1156440100,0
202.150.32.0,202.150.47.255,1156440100,0
202.150.224.0,202.150.255.255,1156440100,0
202.151.128.0,202.151.159.255,1156440100,0
202.157.192.0,202.157.223.255,1156440100,0
202.164.96.0,202.164.127.255,1156440100,0
202.171.216.0,202.171.223.255,1156440100,0
202.176.224.0,202.176.255.255,1156440100,0
202.180.208.0,202.180.215.255,1156440100,0
202.182.32.0,202.182.47.255,1156440100,0
202.182.192.0,202.182.223.255,1156440100,0
202.192.0.0,202.192.15.255,1156440100,440112121
202.192.16.0,202.192.47.255,1156440100,440111078
202.192.48.0,202.192.63.255,1156440100,440110570
202.192.64.0,202.192.71.255,1156440100,440111078
202.192.72.0,202.192.79.255,1156440100,440110588
202.192.80.0,202.192.87.255,1156440100,440111078
202.192.88.0,202.192.95.255,1156440100,440111347
203.2.64.0,203.2.71.255,1156440100,0
203.2.160.0,203.2.167.255,1156440100,0
203.6.224.0,203.6.239.255,1156440100,0
203.15.0.0,203.15.15.255,1156440100,0
203.80.32.0,203.80.47.255,1156440100,0
203.86.96.0,203.86.127.255,1156440100,0
203.88.192.0,203.88.221.255,1156440100,0
203.93.0.0,203.93.0.127,1156440100,0
203.93.48.0,203.93.49.255,1156440100,0
203.93.58.0,203.93.59.255,1156440100,0
203.93.96.0,203.93.96.255,1156440100,0
203.93.98.0,203.93.101.255,1156440100,0
203.93.103.0,203.93.103.255,1156440100,0
203.93.117.0,203.93.117.255,1156440100,0
203.93.186.0,203.93.186.255,1156440100,0
203.93.230.0,203.93.230.255,1156440100,0
203.95.224.0,203.95.227.255,1156440100,0
203.105.96.0,203.105.159.255,1156440100,0
203.118.192.0,203.118.223.255,1156440100,0
203.142.224.0,203.142.255.255,1156440100,0
203.144.96.0,203.144.127.255,1156440100,0
203.152.128.0,203.152.159.255,1156440100,0
203.160.192.0,203.160.223.255,1156440100,0
203.168.0.0,203.168.31.255,1156440100,0
203.176.64.0,203.176.95.255,1156440100,0
203.191.64.0,203.191.127.255,1156440100,0
203.193.224.0,203.193.255.255,1156440100,0
203.205.64.0,203.205.95.255,1156440100,0
203.207.171.0,203.207.173.255,1156440100,0
203.207.178.0,203.207.178.255,1156440100,0
203.209.248.0,203.209.249.255,1156440100,0
210.5.0.0,210.5.12.255,1156440100,0
210.5.15.0,210.5.17.255,1156440100,0
210.5.20.0,210.5.20.255,1156440100,0
210.5.25.0,210.5.29.255,1156440100,0
210.5.31.0,210.5.31.255,1156440100,0
210.13.255.0,210.13.255.255,1156440100,0
210.14.192.0,210.14.192.255,1156440100,0
210.14.194.0,210.14.197.255,1156440100,0
210.14.200.0,210.14.200.255,1156440100,0
210.14.217.0,210.14.217.255,1156440100,0
210.14.221.0,210.14.231.255,1156440100,0
210.14.236.0,210.14.237.255,1156440100,0
210.21.0.0,210.21.191.255,1156440100,0
210.25.252.0,210.25.255.255,1156440100,0
210.38.0.0,210.38.23.255,1156440100,0
210.38.24.0,210.38.31.255,1156440100,440110586
210.38.32.0,210.38.47.255,1156440100,440151393
210.38.48.0,210.38.55.255,1156440100,0
210.38.56.0,210.38.63.255,1156440100,440110570
210.38.64.0,210.38.79.255,1156440100,440150846
210.38.80.0,210.38.83.255,1156440100,0
210.38.84.0,210.38.87.255,1156440100,440170006
210.38.92.0,210.38.95.255,1156440100,0
210.38.96.0,210.38.111.255,1156440100,440110572
210.38.112.0,210.38.119.255,1156440100,440112046
210.38.120.0,210.38.123.255,1156440100,440111114
210.38.124.0,210.38.127.255,1156440100,440112953
210.39.84.0,210.39.87.255,1156440100,440112059
210.39.88.0,210.39.91.255,1156440100,440111121
210.39.104.0,210.39.107.255,1156440100,440112573
210.39.108.0,210.39.111.255,1156440100,0
210.39.112.0,210.39.115.255,1156440100,440110585
210.39.128.0,210.39.131.255,1156440100,440111078
210.39.132.0,210.39.135.255,1156440100,440112962
210.39.224.0,210.39.231.255,1156440100,440110833
210.39.233.0,210.39.239.255,1156440100,0
210.39.240.0,210.39.255.255,1156440100,440170004
210.51.126.0,210.51.140.255,1156440100,0
210.51.224.0,210.51.224.63,1156440100,0
210.52.69.0,210.52.69.63,1156440100,0
210.52.69.160,210.52.69.191,1156440100,0
210.52.69.240,210.52.69.247,1156440100,0
210.52.70.0,210.52.70.255,1156440100,0
210.52.71.16,210.52.71.31,1156440100,0
210.52.71.48,210.52.71.55,1156440100,0
210.52.72.16,210.52.72.31,1156440100,0
210.52.72.192,210.52.72.255,1156440100,0
210.52.74.240,210.52.74.255,1156440100,0
210.52.84.0,210.52.84.79,1156440100,0
210.52.84.128,210.52.84.131,1156440100,0
210.52.85.0,210.52.85.127,1156440100,0
210.52.85.192,210.52.85.223,1156440100,0
210.52.86.0,210.52.88.127,1156440100,0
210.52.89.0,210.52.89.255,1156440100,0
210.52.96.0,210.52.97.255,1156440100,0
210.52.100.0,210.52.100.239,1156440100,0
210.52.101.0,210.52.104.127,1156440100,0
210.52.104.192,210.52.105.63,1156440100,0
210.52.105.128,210.52.109.255,1156440100,0
210.52.110.64,210.52.125.255,1156440100,0
210.52.131.129,210.52.131.129,1156440100,0
210.52.131.133,210.52.131.133,1156440100,0
210.53.28.0,210.53.35.255,1156440100,0
210.53.41.0,210.53.44.255,1156440100,0
210.72.0.0,210.72.7.255,1156440100,0
210.73.44.0,210.73.45.255,1156440100,0
210.75.40.0,210.75.63.255,1156440100,0
210.76.64.0,210.76.95.255,1156440100,0
210.77.80.0,210.77.85.255,1156440100,0
210.77.86.0,210.77.87.255,1156440100,440180033
210.77.88.0,210.77.90.255,1156440100,440180069
210.77.91.0,210.77.95.255,1156440100,0
210.77.98.0,210.77.98.63,1156440100,0
210.77.104.0,210.77.104.127,1156440100,0
210.77.105.0,210.77.121.255,1156440100,0
210.77.125.0,210.77.125.255,1156440100,0
210.78.64.0,210.78.95.255,1156440100,0
210.185.201.0,210.185.201.8,1156440100,0
210.185.202.0,210.185.203.255,1156440100,0
210.185.208.0,210.185.215.255,1156440100,0
211.66.0.0,211.66.31.255,1156440100,440110561
211.66.32.0,211.66.63.255,1156440100,0
211.66.64.0,211.66.71.255,1156440100,440111106
211.66.72.0,211.66.75.255,1156440100,0
211.66.76.0,211.66.79.255,1156440100,440110588
211.66.80.0,211.66.83.255,1156440100,440112742
211.66.84.0,211.66.85.255,1156440100,440110833
211.66.86.0,211.66.87.255,1156440100,0
211.66.88.0,211.66.95.255,1156440100,440112322
211.66.96.0,211.66.111.255,1156440100,440110574
211.66.144.0,211.66.151.255,1156440100,0
211.66.152.0,211.66.159.255,1156440100,440111121
211.66.160.0,211.66.175.255,1156440100,440110573
211.66.176.0,211.66.183.255,1156440100,440110558
211.66.184.0,211.66.191.255,1156440100,440110833
211.66.192.0,211.66.199.255,1156440100,440110862
211.66.200.0,211.66.215.255,1156440100,0
211.66.216.0,211.66.223.255,1156440100,440110822
211.66.224.0,211.66.231.255,1156440100,440152005
211.66.240.0,211.66.247.255,1156440100,440112040
211.66.248.0,211.66.255.255,1156440100,440112059
211.95.192.0,211.96.63.255,1156440100,0
211.97.0.0,211.97.7.255,1156440100,0
211.97.12.0,211.97.23.255,1156440100,0
211.97.52.0,211.97.53.255,1156440100,0
211.98.4.0,211.98.4.255,1156440100,0
211.98.26.0,211.98.26.255,1156440100,0
211.98.57.32,211.98.59.255,1156440100,0
211.98.61.0,211.98.61.255,1156440100,0
211.98.165.0,211.98.165.255,1156440100,0
211.98.175.0,211.98.175.255,1156440100,0
211.102.33.0,211.102.61.255,1156440100,0
211.136.192.0,211.136.215.255,1156440100,0
211.136.217.0,211.136.233.255,1156440100,0
211.136.240.0,211.136.255.255,1156440100,0
211.139.133.0,211.139.142.255,1156440100,0
211.139.144.0,211.139.147.255,1156440100,0
211.139.149.0,211.139.150.255,1156440100,0
211.139.162.0,211.139.162.255,1156440100,0
211.146.208.0,211.146.209.255,1156440100,0
211.146.221.64,211.146.221.127,1156440100,0
211.147.224.0,211.147.242.255,1156440100,0
211.147.244.0,211.147.255.255,1156440100,0
211.154.96.0,211.154.127.255,1156440100,0
211.155.16.0,211.155.31.255,1156440100,0
211.155.192.0,211.155.223.255,1156440100,0
211.156.32.0,211.156.47.255,1156440100,0
211.156.64.0,211.156.79.255,1156440100,0
211.156.96.0,211.156.111.255,1156440100,0
211.156.176.0,211.156.177.255,1156440100,0
211.156.179.0,211.156.180.223,1156440100,0
211.156.182.64,211.156.182.255,1156440100,0
211.156.186.0,211.156.186.255,1156440100,0
211.156.188.0,211.156.190.255,1156440100,0
211.156.233.0,211.156.233.127,1156440100,0
211.156.236.0,211.156.236.255,1156440100,0
211.156.238.0,211.156.238.255,1156440100,0
211.159.0.0,211.159.15.255,1156440100,0
211.159.24.0,211.159.63.255,1156440100,0
211.160.194.0,211.160.194.255,1156440100,0
211.161.52.0,211.161.53.255,1156440100,0
211.161.55.0,211.161.58.255,1156440100,0
211.162.48.0,211.162.63.255,1156440100,0
211.163.242.0,211.163.242.255,1156440100,0
211.164.1.0,211.164.19.255,1156440100,0
211.167.0.0,211.167.8.255,1156440100,0
211.167.12.0,211.167.15.255,1156440100,0
211.167.18.0,211.167.26.255,1156440100,0
211.167.28.0,211.167.31.255,1156440100,0
218.19.0.0,218.20.255.255,1156440100,0
218.30.30.0,218.30.31.255,1156440100,0
218.97.168.0,218.97.171.255,1156440100,0
218.97.183.0,218.97.184.255,1156440100,0
218.97.186.0,218.97.187.255,1156440100,0
218.97.224.0,218.97.227.255,1156440100,0
218.97.229.0,218.97.232.255,1156440100,0
218.97.235.0,218.97.239.255,1156440100,0
218.107.0.0,218.107.63.255,1156440100,0
218.192.0.0,218.192.7.255,1156440100,440111078
218.192.8.0,218.192.11.255,1156440100,440190302
218.192.12.0,218.192.13.255,1156440100,440111540
218.192.14.0,218.192.15.255,1156440100,0
218.192.16.0,218.192.31.255,1156440100,440110559
218.192.32.0,218.192.47.255,1156440100,440152008
218.192.48.0,218.192.55.255,1156440100,440112962
218.192.56.0,218.192.63.255,1156440100,440150846
218.192.72.0,218.192.79.255,1156440100,440110561
218.192.80.0,218.192.95.255,1156440100,440110588
218.192.112.0,218.192.127.255,1156440100,440110574
218.192.128.0,218.192.143.255,1156440100,440111347
218.192.144.0,218.192.159.255,1156440100,440110587
218.192.160.0,218.192.175.255,1156440100,440110561
218.192.176.0,218.192.207.255,1156440100,0
218.192.215.0,218.192.215.255,1156440100,0
218.204.240.0,218.204.255.255,1156440100,0
218.240.88.0,218.240.88.255,1156440100,0
218.240.90.0,218.240.94.255,1156440100,0
218.240.224.0,218.240.224.255,1156440100,0
218.241.32.0,218.241.63.255,1156440100,0
219.135.128.0,219.137.255.255,1156440100,0
219.158.4.40,219.158.4.51,1156440100,0
219.158.4.156,219.158.4.159,1156440100,0
219.158.4.184,219.158.4.191,1156440100,0
219.158.7.182,219.158.7.182,1156440100,0
219.158.8.216,219.158.8.219,1156440100,0
219.158.9.8,219.158.9.11,1156440100,0
219.158.9.168,219.158.9.171,1156440100,0
219.158.10.28,219.158.10.31,1156440100,0
219.158.10.36,219.158.10.39,1156440100,0
219.158.10.81,219.158.10.82,1156440100,0
219.158.10.137,219.158.10.138,1156440100,0
219.158.10.212,219.158.10.219,1156440100,0
219.158.11.8,219.158.11.15,1156440100,0
219.158.11.136,219.158.11.139,1156440100,0
219.158.11.212,219.158.11.231,1156440100,0
219.158.13.8,219.158.13.11,1156440100,0
219.158.13.16,219.158.13.19,1156440100,0
219.158.13.60,219.158.13.63,1156440100,0
219.158.14.240,219.158.14.247,1156440100,0
219.158.15.4,219.158.15.15,1156440100,0
219.158.15.216,219.158.15.219,1156440100,0
219.158.19.0,219.158.19.15,1156440100,0
219.158.19.68,219.158.19.91,1156440100,0
219.158.22.244,219.158.22.255,1156440100,0
219.158.99.116,219.158.99.119,1156440100,0
219.158.99.136,219.158.99.139,1156440100,0
219.222.0.0,219.222.15.255,1156440100,440110586
219.222.16.0,219.222.31.255,1156440100,440110559
219.222.32.0,219.222.47.255,1156440100,440151393
219.222.48.0,219.222.63.255,1156440100,440110585
219.222.64.0,219.222.79.255,1156440100,440110564
219.222.80.0,219.222.95.255,1156440100,440112743
219.222.128.0,219.222.143.255,1156440100,440111540
219.222.192.0,219.222.207.255,1156440100,440110558
219.222.208.0,219.222.223.255,1156440100,440112959
219.222.224.0,219.222.255.255,1156440100,440113929
219.223.136.0,219.223.143.255,1156440100,440112668
219.227.176.0,219.227.255.255,1156440100,0
219.243.239.0,219.243.239.255,1156440100,0
220.113.52.0,220.113.52.255,1156440100,0
220.113.224.0,220.113.255.255,1156440100,0
220.115.0.0,220.115.7.255,1156440100,0
220.115.144.0,220.115.191.255,1156440100,0
220.154.160.0,220.154.191.255,1156440100,0
220.192.32.0,220.192.55.255,1156440100,0
220.198.0.0,220.199.255.255,1156440100,0
220.205.90.0,220.205.103.255,1156440100,0
220.205.184.0,220.205.207.255,1156440100,0
220.206.200.0,220.206.203.255,1156440100,0
220.206.243.0,220.206.244.255,1156440100,0
220.207.24.0,220.207.47.255,1156440100,0
220.207.160.0,220.207.167.255,1156440100,0
220.207.212.0,220.207.219.255,1156440100,0
220.242.96.0,220.242.127.255,1156440100,0
220.243.0.0,220.243.23.255,1156440100,0
220.243.32.0,220.243.71.255,1156440100,0
220.243.132.0,220.243.135.255,1156440100,0
220.243.140.0,220.243.159.255,1156440100,0
220.243.192.0,220.243.255.255,1156440100,0
220.249.196.0,220.249.199.255,1156440100,0
220.249.202.0,220.249.203.255,1156440100,0
220.249.216.0,220.249.239.255,1156440100,0
221.4.0.0,221.4.1.255,1156440100,0
221.4.3.0,221.4.3.181,1156440100,0
221.4.3.183,221.4.16.255,1156440100,0
221.4.18.0,221.4.95.255,1156440100,0
221.5.32.0,221.5.39.255,1156440100,0
221.172.0.0,221.172.31.255,1156440100,0
221.172.160.0,221.172.223.255,1156440100,0
221.174.48.0,221.174.51.255,1156440100,0
221.176.17.56,221.176.17.71,1156440100,0
221.176.17.92,221.176.17.95,1156440100,0
221.176.17.176,221.176.17.179,1156440100,0
221.176.17.216,221.176.17.219,1156440100,0
221.176.18.36,221.176.18.39,1156440100,0
221.176.18.236,221.176.18.239,1156440100,0
221.176.19.64,221.176.19.95,1156440100,0
221.176.22.200,221.176.22.203,1156440100,0
221.176.22.220,221.176.22.223,1156440100,0
221.176.22.248,221.176.22.251,1156440100,0
221.176.23.108,221.176.23.111,1156440100,0
221.176.27.116,221.176.27.119,1156440100,0
221.176.32.0,221.176.47.255,1156440100,0
221.176.53.0,221.176.53.255,1156440100,0
221.176.64.0,221.176.64.255,1156440100,0
221.176.66.0,221.176.79.255,1156440100,0
221.179.0.0,221.179.1.255,1156440100,0
221.179.3.0,221.179.15.255,1156440100,0
221.179.35.0,221.179.38.255,1156440100,0
221.179.44.0,221.179.47.255,1156440100,0
221.179.52.0,221.179.55.255,1156440100,0
221.179.66.0,221.179.69.255,1156440100,0
221.183.14.220,221.183.14.223,1156440100,0
222.16.0.0,222.16.7.255,1156440100,440110561
222.16.8.0,222.16.31.255,1156440100,440110588
222.16.32.0,222.16.63.255,1156440100,440110561
222.16.64.0,222.16.79.255,1156440100,440110572
222.16.80.0,222.16.95.255,1156440100,0
222.16.96.0,222.16.127.255,1156440100,440110571
222.16.128.0,222.16.157.255,1156440100,0
222.16.158.0,222.16.158.255,1156440100,440152006
222.16.159.0,222.16.191.255,1156440100,0
222.16.208.0,222.16.223.255,1156440100,440111347
222.17.0.0,222.17.15.255,1156440100,0
222.17.16.0,222.17.23.255,1156440100,440170007
222.17.24.0,222.17.27.255,1156440100,0
222.17.64.0,222.17.79.255,1156440100,440110833
222.17.84.0,222.17.87.255,1156440100,0
222.17.88.0,222.17.95.255,1156440100,440112741
222.17.160.0,222.17.167.255,1156440100,0
222.17.169.0,222.17.175.255,1156440100,0
222.50.16.0,222.50.39.255,1156440100,0
222.50.52.0,222.50.53.255,1156440100,0
222.50.192.0,222.50.199.255,1156440100,0
222.50.202.0,222.50.207.255,1156440100,0
222.50.212.0,222.50.215.255,1156440100,0
222.50.232.0,222.50.239.255,1156440100,0
222.200.0.0,222.200.31.255,1156440100,440112572
222.200.64.0,222.200.79.255,1156440100,0
222.200.80.0,222.200.95.255,1156440100,440112322
222.200.96.0,222.200.127.255,1156440100,440111845
222.200.128.0,222.200.159.255,1156440100,440110574
222.200.160.0,222.200.191.255,1156440100,440110558
222.200.192.0,222.200.225.255,1156440100,0
222.200.226.0,222.200.226.255,1156440100,440160001
222.200.227.0,222.200.247.255,1156440100,0
222.200.250.0,222.200.251.255,1156440100,0
222.200.252.0,222.200.255.255,1156440100,440111078
222.201.0.0,222.201.15.255,1156440100,440110573
222.201.28.0,222.201.31.255,1156440100,0
222.201.32.0,222.201.63.255,1156440100,440111078
222.201.64.0,222.201.95.255,1156440100,440110574
222.201.96.0,222.201.127.255,1156440100,440111846
222.201.128.0,222.201.191.255,1156440100,440110561
222.201.192.0,222.201.223.255,1156440100,440110572
222.201.224.0,222.201.255.255,1156440100,440110564
222.202.120.0,222.202.152.255,1156440100,0
222.202.153.0,222.202.153.255,1156440100,440152007
222.202.154.0,222.202.167.255,1156440100,0
222.202.168.0,222.202.175.255,1156440100,440110592
222.202.176.0,222.202.191.255,1156440100,440112742
222.202.192.0,222.202.223.255,1156440100,0
222.203.64.0,222.203.175.255,1156440100,0
222.203.176.0,222.203.191.255,1156440100,440113715
223.27.184.0,223.27.187.255,1156440100,0
223.73.52.0,223.73.67.255,1156440100,0
223.73.200.0,223.73.223.255,1156440100,0
223.74.108.0,223.74.183.255,1156440100,0
223.192.0.0,223.192.255.255,1156440100,0
223.208.128.0,223.208.255.255,1156440100,0
223.211.0.0,223.211.127.255,1156440100,0
